flops_log10,custom,np_mm,torch,numpy
7.177798209733409,0.0004673004150390625,0.0012862682342529297,0.0004165172576904297,0.01703643798828125
7.973551601380955,0.0007357597351074219,0.0004050731658935547,0.0008482933044433594,0.08807897567749023
