flops_log10,size,custom,np_mm,numpy,torch
3.9133899436317554,11.0,0.0002906322479248047,0.000186920166015625,8.893013000488281e-05,0.00018858909606933594
