flops_log10,size,custom,np_mm,numpy,torch
7.177798209733409,16.229419688230415,0.003403186798095703,0.0005822181701660156,0.0072689056396484375,0.001424551010131836
7.973551601380955,17.99171005377434,0.015778779983520508,0.0030515193939208984,0.03900718688964844,0.0019221305847167969
8.582297445933618,19.339850002884624,0.058691978454589844,0.0097198486328125,0.15995025634765625,0.006478071212768555
9.075417983057717,20.431923980510287,0.14006972312927246,0.019112348556518555,0.4616115093231201,0.017483949661254883
9.489903497917512,21.349851365001356,0.36057424545288086,0.05085873603820801,1.7161271572113037,0.04697418212890625
9.847417637822977,22.141608875448995,0.8165144920349121,0.09536409378051758,2.566901683807373,0.08928418159484863
10.161746054581105,22.83772647454919,1.5978102684020996,0.18816137313842773,5.14821982383728,0.1809840202331543
10.442206475835063,23.458839376460833,3.000743865966797,0.33821749687194824,9.94086480140686,0.34531259536743164
